{
  "version": 1,
  "unit": "m",
  "geometry": {
    "domain": {
      "polygon": [
        [
          0.04,
          0.0
        ],
        [
          0.039807389066887876,
          0.003920685613182424
        ],
        [
          0.03923141121612922,
          0.00780361288064513
        ],
        [
          0.03827761342928836,
          0.011611387090178494
        ],
        [
          0.03695518130045147,
          0.015307337294603592
        ],
        [
          0.035276850573934204,
          0.018855869473039907
        ],
        [
          0.03325878449210181,
          0.022222809320784086
        ],
        [
          0.03092041813450948,
          0.02537573136654582
        ],
        [
          0.028284271247461905,
          0.028284271247461898
        ],
        [
          0.02537573136654582,
          0.03092041813450948
        ],
        [
          0.022222809320784093,
          0.03325878449210181
        ],
        [
          0.018855869473039914,
          0.0352768505739342
        ],
        [
          0.015307337294603594,
          0.03695518130045147
        ],
        [
          0.011611387090178494,
          0.03827761342928836
        ],
        [
          0.007803612880645134,
          0.03923141121612922
        ],
        [
          0.003920685613182431,
          0.039807389066887876
        ],
        [
          2.4492935982947064e-18,
          0.04
        ],
        [
          -0.003920685613182426,
          0.039807389066887876
        ],
        [
          -0.007803612880645128,
          0.03923141121612922
        ],
        [
          -0.011611387090178487,
          0.03827761342928836
        ],
        [
          -0.015307337294603589,
          0.03695518130045147
        ],
        [
          -0.018855869473039907,
          0.035276850573934204
        ],
        [
          -0.02222280932078408,
          0.03325878449210182
        ],
        [
          -0.025375731366545817,
          0.030920418134509485
        ],
        [
          -0.028284271247461898,
          0.028284271247461905
        ],
        [
          -0.03092041813450948,
          0.02537573136654582
        ],
        [
          -0.03325878449210182,
          0.022222809320784086
        ],
        [
          -0.0352768505739342,
          0.018855869473039914
        ],
        [
          -0.03695518130045147,
          0.015307337294603596
        ],
        [
          -0.03827761342928836,
          0.011611387090178496
        ],
        [
          -0.03923141121612922,
          0.007803612880645144
        ],
        [
          -0.039807389066887876,
          0.003920685613182433
        ],
        [
          -0.04,
          4.898587196589413e-18
        ],
        [
          -0.039807389066887876,
          -0.003920685613182423
        ],
        [
          -0.03923141121612922,
          -0.007803612880645135
        ],
        [
          -0.03827761342928836,
          -0.011611387090178485
        ],
        [
          -0.03695518130045147,
          -0.015307337294603587
        ],
        [
          -0.035276850573934204,
          -0.018855869473039907
        ],
        [
          -0.03325878449210182,
          -0.02222280932078408
        ],
        [
          -0.030920418134509485,
          -0.02537573136654581
        ],
        [
          -0.02828427124746191,
          -0.028284271247461898
        ],
        [
          -0.025375731366545837,
          -0.030920418134509468
        ],
        [
          -0.022222809320784086,
          -0.03325878449210181
        ],
        [
          -0.018855869473039914,
          -0.0352768505739342
        ],
        [
          -0.015307337294603613,
          -0.03695518130045146
        ],
        [
          -0.011611387090178497,
          -0.03827761342928836
        ],
        [
          -0.007803612880645147,
          -0.03923141121612921
        ],
        [
          -0.003920685613182418,
          -0.039807389066887876
        ],
        [
          -7.347880794884118e-18,
          -0.04
        ],
        [
          0.003920685613182403,
          -0.039807389066887876
        ],
        [
          0.007803612880645132,
          -0.03923141121612922
        ],
        [
          0.011611387090178482,
          -0.03827761342928836
        ],
        [
          0.015307337294603601,
          -0.036955181300451466
        ],
        [
          0.018855869473039903,
          -0.035276850573934204
        ],
        [
          0.022222809320784073,
          -0.03325878449210182
        ],
        [
          0.025375731366545824,
          -0.030920418134509475
        ],
        [
          0.028284271247461894,
          -0.02828427124746191
        ],
        [
          0.030920418134509468,
          -0.025375731366545837
        ],
        [
          0.03325878449210181,
          -0.022222809320784086
        ],
        [
          0.0352768505739342,
          -0.018855869473039917
        ],
        [
          0.03695518130045146,
          -0.015307337294603617
        ],
        [
          0.03827761342928836,
          -0.011611387090178501
        ],
        [
          0.03923141121612921,
          -0.007803612880645149
        ],
        [
          0.039807389066887876,
          -0.00392068561318242
        ]
      ]
    },
    "regions": [
      {
        "id": "inner_conductor",
        "type": "conductor",