{
 "params": {
  "steps": 512000,
  "n_macro": 65536,
  "seed": 1,
  "dt": 1.8436578171091445e-10,
  "mesh_size": 0.0005234375,
  "strip_height": 0.002,
  "avg_steps": 12800,
  "elapsed_s": 9520.690134868
 },
 "history_last": {
  "n_e": 12226,
  "n_i": 19209,
  "wall_e": 1048205,
  "wall_i": 1041222,
  "coll_e": 92395971,
  "ion_events": 994895
 },
 "x": [
  0.0,
  0.000523438,
  0.00104688,
  0.00157031,
  0.00209375,
  0.00261719,
  0.00314063,
  0.00366407,
  0.0041875,
  0.00471094,
  0.00523438,
  0.00575782,
  0.00628126,
  0.00680469,
  0.00732813,
  0.00785157,
  0.00837501,
  0.00889845,
  0.00942188,
  0.00994532,
  0.0104688,
  0.0109922,
  0.0115156,
  0.0120391,
  0.0125625,
  0.0130859,
  0.0136094,
  0.0141328,
  0.0146563,
  0.0151797,
  0.0157031,
  0.0162266,
  0.01675,
  0.0172735,
  0.0177969,
  0.0183203,
  0.0188438,
  0.0193672,
  0.0198906,
  0.0204141,
  0.0209375,
  0.021461,
  0.0219844,
  0.0225078,
  0.0230313,
  0.0235547,
  0.0240781,
  0.0246016,
  0.025125,
  0.0256485,
  0.0261719,
  0.0266953,
  0.0272188,
  0.0277422,
  0.0282657,
  0.0287891,
  0.0293125,
  0.029836,
  0.0303594,
  0.0308828,
  0.0314063,
  0.0319297,
  0.0324532,
  0.0329766,
  0.0335,
  0.0340235,
  0.0345469,
  0.0350703,
  0.0355938,
  0.0361172,
  0.0366407,
  0.0371641,
  0.0376875,
  0.038211,
  0.0387344,
  0.0392578,
  0.0397813,
  0.0403047,
  0.0408282,
  0.0413516,
  0.041875,
  0.0423985,
  0.0429219,
  0.0434454,
  0.0439688,
  0.0444922,
  0.0450157,
  0.0455391,
  0.0460625,
  0.046586,
  0.0471094,
  0.0476329,
  0.0481563,
  0.0486797,
  0.0492032,
  0.0497266,
  0.05025,
  0.0507735,
  0.0512969,
  0.0518204,
  0.0523438,
  0.0528672,
  0.0533907,
  0.0539141,
  0.0544376,
  0.054961,
  0.0554844,
  0.0560079,
  0.0565313,
  0.0570547,
  0.0575782,
  0.0581016,
  0.0586251,
  0.0591485,
  0.0596719,
  0.0601954,
  0.0607188,
  0.0612422,
  0.0617657,
  0.0622891,
  0.0628126,
  0.063336,
  0.0638594,
  0.0643829,
  0.0649063,
  0.0654297,
  0.0659532,
  0.0664766,
  0.0670001
 ],
 "ne_sim": [
  1390384830381.6038,
  1812788817372.8315,
  2297845312736.381,
  2778315690877.028,
  3261355526555.396,
  3749258401107.9404,
  4242594226859.7744,
  4742634994649.395,
  5328715867764.977,
  5881410073520.5205,
  6470623143206.48,
  7095797059731.158,
  7715436919142.689,
  8413052086460.139,
  9105355467890.992,
  9777216514972.154,
  10558909345360.943,
  11308948375126.1,
  12012434553928.137,
  12848960849451.387,
  13770926161576.434,
  14678874129739.336,
  15637987039778.447,
  16668043992809.832,
  17740315861347.02,
  18800287989472.2,
  19933412573924.863,
  21237724890632.77,
  22554920958497.61,
  23905031498356.953,
  25447758194979.266,
  27023341843145.477,
  28665124162496.06,
  30361474369770.83,
  32335909423565.15,
  34216340784206.0,
  36218203826476.414,
  38571740850339.67,
  41153782759295.66,
  43763289354942.9,
  46661593368288.68,
  49641707306438.58,
  52921826465763.766,
  56534696849252.05,
  60362571487322.31,
  64813784286488.65,
  69344589229089.47,
  74189643824449.38,
  79129791962475.97,
  84406358190568.4,
  89900336173800.5,
  95144408647975.88,
  100428379069542.0,
  105663560529279.53,
  110751359097416.92,
  114858617949168.38,
  119099751234910.52,
  122965762712794.88,
  126030582582490.02,
  128393005480574.4,
  130524989538178.22,
  131962835815561.78,
  132899019657748.47,
  133451118863776.89,
  133505039935492.34,
  133090981890830.22,
  132547642222863.88,
  131573643033428.1,
  129993060557176.4,
  128134083426121.03,
  125571548622675.69,
  122371310358108.61,
  118785855815383.1,
  114305041985995.33,
  109626837064834.03,
  105012989994193.0,
  100074696847332.62,
  94910414704410.84,
  89365259415535.48,
  84242144364795.12,
  78953379837155.03,
  73880158408444.27,
  69127390786553.11,
  64513700720887.914,
  60034704715536.164,
  56141925854025.586,
  52607259363183.92,
  49308556966063.66,
  46233749130982.234,
  43309435964225.8,
  40629735499377.39,
  38201953803542.84,
  36000504011235.016,
  33984241581722.047,
  31998587284677.484,
  29960608796067.24,
  28306293816443.945,
  26800197134294.47,
  25349243326631.395,
  23835237421077.336,
  22410631086336.492,
  21129723689415.64,
  19925595430667.67,
  18771949565021.07,
  17691546736680.438,
  16681802135074.05,
  15671938193645.53,
  14705850586448.61,
  13798418895398.844,
  12950167488926.479,
  12140380663573.61,
  11309911503684.416,
  10507885928152.156,
  9760752695608.975,
  9106159623856.168,
  8411532064382.592,
  7734976607855.235,
  7104056338113.477,
  6469125895313.221,
  5915894029367.756,
  5374793053670.676,
  4794632638584.384,
  4260638158309.376,
  3764207735697.8184,
  3275015668374.985,
  2759739360077.783,
  2288488958960.907,
  1817029983328.4111,
  1372330799957.332
 ],
 "ni_sim": [
  35667541221788.78,
  35787159291506.08,
  36700837020294.234,
  37279420970058.06,
  38005542331072.28,
  38716862805333.77,
  38871612139578.8,
  39832778842356.89,
  40680705911019.16,
  41169321179594.66,
  41342081486763.766,
  42292179733342.58,
  43008584779180.79,
  43265476084651.51,
  43616794813533.836,
  44772995980522.234,
  45539745271309.016,
  46684182875072.37,
  47615502433759.28,
  48263244622187.09,
  48884091888917.266,
  49629447157348.8,
  50626018526969.97,
  51864313770425.19,
  53220534183209.78,
  53979216990976.56,
  54954256035787.24,
  55665684485660.97,
  56737703013211.61,
  57943465125497.72,
  59497264583490.65,
  60965279129994.36,
  62643030573753.6,
  64228769831547.76,
  65208504674143.41,
  67075791497672.17,
  69177601424293.61,
  70952013490993.17,
  73055820349727.12,
  76154404088787.44,
  77725870460972.2,
  79579212893991.62,
  82366503717373.53,
  85413823621043.19,
  88077220706720.28,
  90640507377611.1,
  93148970245634.39,
  95989990882531.6,
  99645224360486.3,
  103182507757061.7,
  106211927977006.92,
  110417731896895.02,
  114946845068312.78,
  118500501661123.28,
  121216674121776.27,
  124462862533086.44,
  128223375405605.03,
  131730087086649.86,
  133199164290458.69,
  134462959036303.98,
  136020845928295.48,
  136605716834971.66,
  137895749157052.19,
  138106743802518.38,
  137705656577842.12,
  137023363504420.11,
  137424897404837.89,
  136066928577228.02,
  134427644378500.9,
  133987611534445.19,
  134878109334381.42,
  131909268858873.97,
  128015292086857.64,
  122315482964321.98,
  117790546677998.75,
  117589768720261.16,
  115403528016960.38,
  110803050738643.66,
  106183363522775.61,
  103189386053820.31,
  100531586304938.97,
  97363667597686.55,
  93972992898949.42,
  89861150456858.47,
  86564345904357.84,
  83695448915154.34,
  81438283026753.47,
  79304222296559.47,
  76962598385572.34,
  74028746813747.25,
  72398474954577.4,
  71175352756511.27,
  69254073328596.36,
  67048281216118.44,
  65189070268949.7,
  62795163911269.22,
  61418153000688.19,
  60238558025675.83,
  59363024725275.72,
  57848359064085.695,
  56650152100548.39,
  55162286202657.3,
  54336177079108.016,
  53708883483371.44,
  53098273281003.67,
  51932361416099.88,
  50444906827238.62,
  49928256221697.25,
  49316731931187.05,
  48481264034091.234,
  47579818602175.875,
  46846942969766.055,
  45979927742740.51,
  44890582510937.3,
  44160393695785.61,
  43314998894506.63,
  42536570904937.42,
  41753000478359.68,
  41131937082485.83,
  40550484876768.09,
  39887325935706.164,
  39156724587990.914,
  38971812371782.2,
  38380733964862.984,
  37912494964652.47,
  37482756625441.45,
  37092572770967.99,
  36594340906078.25,
  36471747474674.12
 ],