{
 "params": {
  "steps": 400,
  "n_macro": 65536,
  "seed": 1,
  "dt": 1.8436578171091445e-10,
  "mesh_size": 0.0005234375,
  "strip_height": 0.002,
  "avg_steps": 200,
  "elapsed_s": 23.68744076100029
 },
 "history_last": {
  "n_e": 50962,
  "n_i": 66742,
  "wall_e": 18991,
  "wall_i": 3211,
  "coll_e": 259679,
  "ion_events": 4417
 },
 "x": [
  0.0,
  0.000523438,
  0.00104688,
  0.00157031,
  0.00209375,
  0.00261719,
  0.00314063,
  0.00366407,
  0.0041875,
  0.00471094,
  0.00523438,
  0.00575782,
  0.00628126,
  0.00680469,
  0.00732813,
  0.00785157,
  0.00837501,
  0.00889845,
  0.00942188,
  0.00994532,
  0.0104688,
  0.0109922,
  0.0115156,
  0.0120391,
  0.0125625,
  0.0130859,
  0.0136094,
  0.0141328,
  0.0146563,
  0.0151797,
  0.0157031,
  0.0162266,
  0.01675,
  0.0172735,
  0.0177969,
  0.0183203,
  0.0188438,
  0.0193672,
  0.0198906,
  0.0204141,
  0.0209375,
  0.021461,
  0.0219844,
  0.0225078,
  0.0230313,
  0.0235547,
  0.0240781,
  0.0246016,
  0.025125,
  0.0256485,
  0.0261719,
  0.0266953,
  0.0272188,
  0.0277422,
  0.0282657,
  0.0287891,
  0.0293125,
  0.029836,
  0.0303594,
  0.0308828,
  0.0314063,
  0.0319297,
  0.0324532,
  0.0329766,
  0.0335,
  0.0340235,
  0.0345469,
  0.0350703,
  0.0355938,
  0.0361172,
  0.0366407,
  0.0371641,
  0.0376875,
  0.038211,
  0.0387344,
  0.0392578,
  0.0397813,
  0.0403047,
  0.0408282,
  0.0413516,
  0.041875,
  0.0423985,
  0.0429219,
  0.0434454,
  0.0439688,
  0.0444922,
  0.0450157,
  0.0455391,
  0.0460625,
  0.046586,
  0.0471094,
  0.0476329,
  0.0481563,
  0.0486797,
  0.0492032,
  0.0497266,
  0.05025,
  0.0507735,
  0.0512969,
  0.0518204,
  0.0523438,
  0.0528672,
  0.0533907,
  0.0539141,
  0.0544376,
  0.054961,
  0.0554844,
  0.0560079,
  0.0565313,
  0.0570547,
  0.0575782,
  0.0581016,
  0.0586251,
  0.0591485,
  0.0596719,
  0.0601954,
  0.0607188,
  0.0612422,
  0.0617657,
  0.0622891,
  0.0628126,
  0.063336,
  0.0638594,
  0.0643829,
  0.0649063,
  0.0654297,
  0.0659532,
  0.0664766,
  0.0670001
 ],
 "ne_sim": [
  0.0,
  0.0,
  0.0,
  0.0,
  0.0,
  0.0,
  15311050136.407211,
  72499570972.90686,
  201207202627.97675,
  462402382820.2981,
  1143988601455.825,
  2585672037885.0615,
  4797386373259.153,
  7803107817527.6045,
  11929359612527.715,
  17068015818172.285,
  23652583750008.3,
  31614018008783.445,
  41296569871991.71,
  53043349833742.35,
  66252561453160.95,
  81732934757714.22,
  100241670384282.78,
  120595269999644.17,
  141370900461657.03,
  163300963015135.97,
  183347047995058.12,
  199776888363298.3,
  213933619388539.3,
  225265865491712.12,
  234506623673151.8,
  243245708286209.44,
  250136611089580.7,
  254661196425118.53,
  257878644839461.62,
  263637187312935.44,
  267945959340417.8,
  271089459449285.12,
  273658696124130.94,
  275094744647474.75,
  276851372204632.94,
  277460982613161.25,
  274344417371794.3,
  273068170764344.88,
  275057870148448.7,
  275463657966356.1,
  275444836945192.25,
  277447260004567.38,
  277809310178765.9,
  277887168834989.75,
  275839353563448.97,
  275283732439842.34,
  273733347526795.44,
  272206963804718.88,
  273697406823108.22,
  273953177374605.6,
  273883633725868.34,
  272798424054675.56,
  271691378688689.0,
  272940520555815.2,
  274385125104645.9,
  273400294803358.5,
  273014189638590.97,
  274611373429266.22,
  276994115707990.06,
  279276218451531.47,
  280225239515403.28,
  280544317001269.94,
  278903728922877.8,
  278337954641721.22,
  276726324255468.75,
  273453443921617.62,
  270921521155762.44,
  269316238771066.12,
  271923202954090.2,
  273440912136481.75,
  273518695442603.56,
  275189102608067.94,
  277162228698620.2,
  276400421913988.28,
  276572577835688.6,
  277143767925379.3,
  277770983195304.7,
  277485633668262.0,
  278108542858825.84,
  279968911923102.56,
  280993450981525.1,
  279232884536813.34,
  279787343719142.8,
  279870174545652.28,
  278006645233673.62,
  276846161862242.28,
  274524274243824.06,
  271461010177646.7,
  269300919507942.47,
  268760555922719.12,
  269190663841621.12,
  266764044037687.2,
  263119131782840.78,
  258845361934874.97,
  256222929073361.9,
  256906869222494.0,
  253050801923997.78,
  247947796508148.94,
  244159441322251.12,
  242346002282448.9,
  236552111321305.75,
  231028837834237.8,
  226098649475318.8,
  220368072043322.1,
  213009870047460.06,
  205732818711941.6,
  196796992478713.25,
  184967546774739.25,
  172434408864379.4,
  159181207154389.6,
  146927673878235.72,
  133323851021453.97,
  116972655949592.11,
  100493671673523.94,
  86187666068338.05,
  71353951290657.48,
  56557382034498.34,
  42968343812645.31,
  31461273346478.39,
  22666595431342.88,
  15589085040895.447,
  9729864089493.857,
  5379344269356.83
 ],
 "ni_sim": [
  246800250754516.34,
  237180743594631.22,
  229109275987016.88,
  226607191595921.3,
  226650606891259.97,
  231153832450679.3,
  239032102845939.03,
  240891317799202.0,
  239099059464357.94,
  243413992394936.44,
  245078952690056.06,
  244208989269719.44,
  237894605577843.4,
  251059609110483.12,
  261197795893229.25,
  255399044725282.53,
  252248929480974.84,
  258045313293645.16,
  258265759839642.7,
  269881977855350.97,
  283299973094194.5,
  265562148074824.56,
  247037258441763.84,
  256106545316410.12,
  275208286755343.62,
  272494149557385.56,
  265950360921819.72,
  264733684787691.44,
  260035342502694.56,
  277299315247971.88,
  267460418799417.34,
  265881774087847.03,
  264547672797849.2,
  267817453532781.6,
  275779048849294.25,
  268254713334553.25,
  276159696110606.25,
  283641979106371.25,
  275438613535734.3,
  277635468578980.66,
  283753085537373.9,
  295071594323816.8,
  283376872378967.9,
  270053429277069.25,
  267803819128740.34,
  267262440408925.3,
  281148092769604.06,
  272619993553541.06,
  275886053577296.56,
  280993177244329.16,
  277228980721807.56,
  273680241392681.06,
  265871360678244.94,
  273693263668355.25,
  271774634146528.38,
  270268039970409.3,
  270967720750748.44,
  269705436825040.06,
  269888995029561.8,
  275640263584636.44,
  273501140761479.5,
  270330197154127.88,
  270049991355002.8,
  277695351937705.7,
  284504019874350.4,
  276949921749727.75,
  282554404793786.8,
  284602133519788.0,
  275211330481019.7,
  295965439136789.1,
  279148989506125.72,
  272292798563828.5,
  257258442752180.75,
  257061766854902.06,
  260447680946628.3,
  270502396929106.1,
  275643034932433.0,
  276298354274729.06,
  288437864829235.5,
  278216302828172.25,
  274906231812316.75,
  274590671424217.38,
  277369435511346.38,
  279529834455310.12,
  277148495445743.62,
  268510797764877.34,
  296037819365823.75,
  290729754273320.6,
  276336020477429.56,
  279269963261729.88,
  282367505038602.0,
  286551403972798.3,
  275796610385242.62,
  265122070434842.1,
  265191850331401.56,
  269977874723290.5,
  285116849521960.3,
  270084136357321.72,
  260803206284061.56,
  257367507806597.12,
  246388438466573.38,
  259005950346592.56,
  254650224526992.62,
  243429735369509.66,
  254729017961549.38,
  252006065305817.6,
  245818835646033.4,
  245247509964215.75,
  248199651929613.0,
  251478049833824.56,
  241676299965859.0,
  232894414496225.75,
  230780488826052.1,
  235443841950693.88,
  243099698144081.75,
  241897272221314.47,
  243999286391273.0,
  239465279459407.7,
  232115306078648.2,
  232441056653640.4,
  234292074711622.3,
  241567431987520.38,
  234602840910992.56,
  230530317219984.0,
  231498179639426.94,
  229347274447031.78,
  231856317837231.0,
  227053162695913.44,
  223681375115469.44
 ],